31,"I",372704,10013039824,"1110O000055251","MANN EGERTON VOLKSWAGON","",2005-07-07,,2010-11-11,2005-07-07
32,"I",372705,10013039824,"1110C000055251","CR08","AddressBase Premium Classification Scheme",1.0,2005-07-07,,2010-11-11,2005-07-07
21,"I",372706,10013039890,1,2,2009-06-16,,292582.00,094996.00,1,1110,2005-07-07,,2013-02-11,2005-07-07,"S","EX4 5HJ",0
23,"I",372707,10013039890,"1110X014242036","37632182",,"7666VC",2005-07-07,,2009-06-16,2005-07-07
23,"I",372708,10013039890,"1110X600055310","osgb4000000025321488",5,"7666MI",2005-07-07,,2009-06-16,2005-07-07
23,"I",372709,10013039890,"1110X700055310","osgb1000012325351",3,"7666MT",2005-07-07,,2009-06-16,2005-07-07
23,"I",372710,10013039890,"1110X900055310","osgb1000002274383093",4,"7666MA",2005-07-07,,2009-06-16,2005-07-07
24,"I",372711,10013039890,"1110L000151617","ENG",1,2005-07-07,,2009-06-16,2005-07-07,,"",,"","",1,"",,"","",14201310,"1","","","Y"
28,"I",372712,10013039890,,8785344,"","","","",1,"","VALLEY PARK CLOSE","","","EXETER","EX4 5HJ","S","","","","","","",2014-04-22,2005-07-07,,2009-06-16,2005-07-07
32,"I",372713,10013039890,"1110C000055310","RD","AddressBase Premium Classification Scheme",1.0,2005-07-07,,2009-06-16,2005-07-07
21,"I",372714,10013042172,1,,,100040233625,292648.00,093138.00,2,1110,2005-07-07,,2013-02-11,2005-07-07,"C","EX4 6RY",0
24,"I",372715,10013042172,"1110L000147039","ENG",1,2005-07-07,,2007-07-18,2005-07-07,,"",,"","FLAT 4",124,"",125,"","",14200757,"1","","",""
32,"I",372716,10013042172,"1110C000055367","UC","AddressBase Premium Classification Scheme",1.0,2005-07-07,,2007-07-19,2005-07-07
21,"I",372717,10013042247,1,,,100041142121,292203.00,092944.00,1,1110,2005-07-07,,2013-02-11,2005-07-07,"S","EX4 3QG",0
23,"I",372718,10013042247,"1110X000275590","280579182",,"7666VN",2013-09-07,,2013-09-07,2013-09-07
23,"I",372719,10013042247,"1110X600055428","osgb4000000025321248",3,"7666MI",2005-07-07,,2012-07-06,2005-07-07
23,"I",372720,10013042247,"1110X700055428","osgb1000012318110",4,"7666MT",2005-07-07,,2012-07-06,2005-07-07
23,"I",372721,10013042247,"1110X900055428","osgb1000002274378050",7,"7666MA",2005-07-07,,2014-01-16,2005-07-07
24,"I",372722,10013042247,"1110L000149175","ENG",1,2005-07-07,,2013-07-11,2005-07-07,,"",,"","FOURTH FLOOR",1,"",2,"","",14200595,"1","","",""
28,"I",372723,10013042247,100041142121,8781132,"OVAL INSURANCE","","","1-2",,"","NORTHERNHAY PLACE","","","EXETER","EX4 3QG","S","","","","","","",2014-04-22,2005-07-07,,2012-07-06,2005-07-07
32,"I",372724,10013042247,"1110C000055428","CR01","AddressBase Premium Classification Scheme",1.0,2005-07-07,,2013-11-28,2005-07-07
21,"I",372725,10013042248,1,,,100041142121,292203.00,092944.00,2,1110,2005-07-07,,2013-02-11,2005-07-07,"S","EX4 3QH",0
23,"I",372726,10013042248,"1110X000275593","6682833000",,"7666VN",2005-07-07,,2013-09-07,2005-07-07
23,"I",372727,10013042248,"1110X600055429","osgb4000000025321248",3,"7666MI",2005-07-07,,2007-07-19,2005-07-07
23,"I",372728,10013042248,"1110X700055429","osgb1000012318110",4,"7666MT",2005-07-07,,2007-07-19,2005-07-07
23,"I",372729,10013042248,"1110X900055429","osgb1000002274378052",7,"7666MA",2005-07-07,,2013-10-19,2005-07-07
24,"I",372730,10013042248,"1110L000149176","ENG",1,2005-07-07,,2007-07-18,2005-07-07,,"",,"","YOUR MOVE",1,"",2,"","",14200595,"1","","",""
28,"I",372731,10013042248,100041142121,8781133,"YOUR MOVE","","","1-2",,"","NORTHERNHAY PLACE","","","EXETER","EX4 3QH","L","","","","","","",2014-04-22,2005-07-07,,2007-07-19,2005-07-07
32,"I",372732,10013042248,"1110C000055429","CR02","AddressBase Premium Classification Scheme",1.0,2005-07-07,,2013-11-28,2005-07-07
21,"I",372733,10013044530,1,2,2011-07-12,,293669.00,093629.00,1,1110,2005-11-18,,2013-02-11,2005-11-18,"S","EX4 7BS",0
23,"I",372734,10013044530,"1110X014184495","4680855000",,"7666VC",2005-11-18,,2011-07-12,2005-11-18
23,"I",372735,10013044530,"1110X600055527","osgb4000000025466645",1,"7666MI",2005-11-18,,2011-07-12,2005-11-18
23,"I",372736,10013044530,"1110X700055527","osgb1000002070666114",1,"7666MT",2005-11-18,,2011-07-12,2005-11-18
23,"I",372737,10013044530,"1110X900055527","osgb1000002274458177",15,"7666MA",2005-11-18,,2011-07-12,2005-11-18
24,"I",372738,10013044530,"1110L000154329","ENG",1,2005-11-18,,2005-11-24,2005-11-18,,"",,"","",35,"",,"","",14202735,"1","","","N"
28,"I",372739,10013044530,,27898353,"","","","",35,"","GREYFRIARS ROAD","","","EXETER","EX4 7BS","S","","","","","","",2014-04-22,2005-11-18,,2011-07-12,2005-11-18
32,"I",372740,10013044530,"1110C000055527","RD","AddressBase Premium Classification Scheme",1.0,2005-11-18,,2011-07-12,2005-11-18
21,"I",372741,10013044531,1,2,2011-07-12,,293668.00,093638.00,1,1110,2005-11-18,,2013-02-11,2005-11-18,"S","EX4 7BS",0
23,"I",372742,10013044531,"1110X014184504","4665150000",,"7666VC",2005-11-18,,2011-07-12,2005-11-18
23,"I",372743,10013044531,"1110X600055528","osgb4000000025466645",1,"7666MI",2005-11-18,,2011-07-12,2005-11-18
23,"I",372744,10013044531,"1110X700055528","osgb1000002070666115",1,"7666MT",2005-11-18,,2011-07-12,2005-11-18
23,"I",372745,10013044531,"1110X900055528","osgb1000002274458167",15,"7666MA",2005-11-18,,2011-07-12,2005-11-18
24,"I",372746,10013044531,"1110L000154330","ENG",1,2005-11-18,,2005-11-24,2005-11-18,,"",,"","",36,"",,"","",14202735,"1","","","N"
28,"I",372747,10013044531,,27898354,"","","","",36,"","GREYFRIARS ROAD","","","EXETER","EX4 7BS","S","","","","","","",2014-04-22,2005-11-18,,2011-07-12,2005-11-18
32,"I",372748,10013044531,"1110C000055528","RD","AddressBase Premium Classification Scheme",1.0,2005-11-18,,2011-07-12,2005-11-18
21,"I",372749,10013044554,1,2,2011-07-12,,293778.00,093582.00,1,1110,2005-11-18,,2013-02-11,2005-11-18,"S","EX4 7BS",0
23,"I",372750,10013044554,"1110X014184512","3931618000",,"7666VC",2005-11-18,,2011-07-12,2005-11-18
23,"I",372751,10013044554,"1110X600055551","osgb4000000025424884",3,"7666MI",2005-11-18,,2011-07-12,2005-11-18
23,"I",372752,10013044554,"1110X700055551","osgb1000002070619101",2,"7666MT",2005-11-18,,2011-07-12,2005-11-18
23,"I",372753,10013044554,"1110X900055551","osgb1000002274457785",15,"7666MA",2005-11-18,,2011-07-12,2005-11-18
24,"I",372754,10013044554,"1110L000154353","ENG",1,2005-11-18,,2005-11-18,2005-11-18,,"",,"","",54,"",,"","",14202735,"1","","","N"
28,"I",372755,10013044554,,27885810,"","","","",54,"","GREYFRIARS ROAD","","","EXETER","EX4 7BS","S","","","","","","",2014-04-22,2005-11-18,,2011-07-12,2005-11-18
32,"I",372756,10013044554,"1110C000055551","RD","AddressBase Premium Classification Scheme",1.0,2005-11-18,,2011-07-12,2005-11-18
21,"I",372757,10013047614,1,3,2011-07-12,10013045825,293950.00,091774.00,1,1110,2006-04-05,,2012-04-03,2006-04-05,"S","EX2 5DS",0
23,"I",372758,10013047614,"1110X014249379","251952182",,"7666VC",2006-04-05,,2012-04-03,2006-04-05
23,"I",372759,10013047614,"1110X600055607","osgb4000000025306082",6,"7666MI",2006-04-05,,2012-04-03,2006-04-05
23,"I",372760,10013047614,"1110X700055607","osgb1000012338392",3,"7666MT",2006-04-05,,2012-04-03,2006-04-05
23,"I",372761,10013047614,"1110X900055607","osgb1000002274391166",11,"7666MA",2006-04-05,,2012-04-03,2006-04-05
24,"I",372762,10013047614,"1110L000157512","ENG",1,2006-04-05,,2008-04-16,2006-04-05,1,"",,"","",,"",,"","SHAPTOR HOUSE",14200089,"1","","","Y"
28,"I",372763,10013047614,10013045825,8755710,"","","FLAT 1","SHAPTOR HOUSE",,"RESIDENTIAL VILLAGE","BOVEMOORS LANE","","","EXETER","EX2 5DS","S","","","","","","",2014-04-22,2006-04-05,,2012-04-03,2006-04-05
32,"I",372764,10013047614,"1110C000055607","RD06","AddressBase Premium Classification Scheme",1.0,2006-04-05,,2012-04-03,2006-04-05
21,"I",372765,10013047678,1,2,2011-07-12,10013041464,291769.00,092441.00,1,1110,2006-04-05,,2013-02-11,2006-04-05,"S","EX4 3BL",0
23,"I",372766,10013047678,"1110X014163688","295484182",,"7666VC",2006-04-05,,2011-07-12,2006-04-05
23,"I",372767,10013047678,"1110X600055671","osgb4000000025320943",5,"7666MI",2014-04-04,,2014-05-20,2014-04-04
23,"I",372768,10013047678,"1110X700055671","osgb1000002070801879",6,"7666MT",2014-04-04,,2014-05-20,2014-04-04
23,"I",372769,10013047678,"1110X900055671","osgb1000002274465759",10,"7666MA",2014-04-04,,2014-05-20,2014-04-04
24,"I",372770,10013047678,"1110L000157423","ENG",1,2006-04-05,,2007-07-18,2006-04-05,,"",,"","SHAPLANDS HOUSE",,"",,"","MINT COURT",14202192,"1","","",""
28,"I",372771,10013047678,10013041464,28610488,"","","","8 MINT COURT",,"","THE MINT","","","EXETER","EX4 3BL","S","","","","","","",2014-04-22,2014-04-04,,2014-05-20,2014-04-04
32,"I",372772,10013047678,"1110C000055671","RD","AddressBase Premium Classification Scheme",1.0,2006-04-05,,2014-04-04,2006-04-05
21,"I",372773,10013047433,1,2,2007-07-19,,290309.22,093718.98,1,1110,2006-04-05,,2013-02-11,2006-04-05,"S","EX4 2PU",0
23,"I",372774,10013047433,"1110X014162666","3773628000",,"7666VC",2006-04-05,,2010-06-14,2006-04-05
23,"I",372775,10013047433,"1110X600055681","osgb4000000025384244",5,"7666MI",2006-04-05,,2010-06-14,2006-04-05
23,"I",372776,10013047433,"1110X700055681","osgb1000002070496149",2,"7666MT",2006-04-05,,2010-06-14,2006-04-05
23,"I",372777,10013047433,"1110X900055681","osgb1000002274458156",5,"7666MA",2006-04-05,,2010-06-14,2006-04-05
24,"I",372778,10013047433,"1110L000157528","ENG",1,2006-04-05,,2010-06-14,2006-04-05,,"",,"","",8,"",,"","",14202822,"1","","",""
28,"I",372779,10013047433,,27800540,"","","","",8,"","CLOVER AVENUE","","","EXETER","EX4 2PU","S","","","","","","",2014-04-22,2006-04-05,,2010-06-14,2006-04-05
32,"I",372780,10013047433,"1110C000055681","RD","AddressBase Premium Classification Scheme",1.0,2006-04-05,,2010-06-14,2006-04-05
21,"I",372781,10013049957,1,2,2013-08-12,10013050557,291721.00,092310.00,1,1110,2006-10-12,,2013-08-12,2006-10-12,"C","EX4 3JQ",0
23,"I",372782,10013049957,"1110X014114781","6020087000",,"7666VC",2006-10-12,,2012-04-03,2006-10-12
24,"I",372783,10013049957,"1110L000159790","ENG",1,2006-10-12,,2008-10-21,2006-10-12,,"",,"","FLAT 11",126,"A",,"","",14200309,"1","","","Y"
32,"I",372784,10013049957,"1110C000055745","RD06","AddressBase Premium Classification Scheme",1.0,2006-10-12,,2012-04-03,2006-10-12
21,"I",372785,10013049963,1,2,2010-11-12,,292806.00,092646.00,1,1110,2006-12-04,,2013-02-11,2006-12-04,"S","EX1 1SR",0
23,"I",372786,10013049963,"1110X014210420","5043932000",,"7666VN",2006-12-04,,2010-11-12,2006-12-04
23,"I",372787,10013049963,"1110X600055751","osgb4000000025306067",6,"7666MI",2006-12-04,,2010-11-12,2006-12-04
23,"I",372788,10013049963,"1110X700055751","osgb1000012317131",3,"7666MT",2006-12-04,,2010-11-12,2006-12-04
23,"I",372789,10013049963,"1110X900055751","osgb1000002274472741",9,"7666MA",2006-12-04,,2010-11-12,2006-12-04
24,"I",372790,10013049963,"1110L000159796","ENG",1,2006-12-04,,2010-11-12,2006-12-04,,"",,"","",10,"A",,"","",14200052,"1","","",""
28,"I",372791,10013049963,,8743127,"DENTAL SURGERY","","","10A",,"","BARNFIELD HILL","","","EXETER","EX1 1SR","S","","","","","","",2014-04-22,2006-12-04,,2010-11-12,2006-12-04
31,"I",372792,10013049963,"1110O000055751","BARNFIELD DENTAL STUDIO","",2006-12-04,,2010-11-12,2006-12-04
32,"I",372793,10013049963,"1110C000055751","CM01","AddressBase Premium Classification Scheme",1.0,2006-12-04,,2010-11-12,2006-12-04
21,"I",372794,10013050049,1,2,2010-03-11,10023118571,290148.00,093222.00,1,1110,2007-01-09,,2013-02-11,2007-01-09,"S","EX4 2AR",0
23,"I",372795,10013050049,"1110X014213327","5094512000",,"7666VC",2007-01-09,,2010-03-11,2007-01-09
23,"I",372796,10013050049,"1110X600055837","osgb4000000025305995",6,"7666MI",2007-01-09,,2010-03-11,2007-01-09
23,"I",372797,10013050049,"1110X700055837","osgb1000012259067",8,"7666MT",2007-01-09,,2010-03-11,2007-01-09
23,"I",372798,10013050049,"1110X900055837","osgb1000002274475538",6,"7666MA",2007-01-09,,2010-03-11,2007-01-09
24,"I",372799,10013050049,"1110L000159882","ENG",1,2007-01-09,,2010-03-11,2007-01-09,4,"",,"","",,"",,"","CLEVE COURT",14201711,"1","","","Y"
28,"I",372800,10013050049,10023118571,28762765,"","","","4 CLEVE COURT",,"","CLEVE LANE","","","EXETER","EX4 2AR","S","","","","","","",2014-04-22,2007-01-09,,2010-03-11,2007-01-09
32,"I",372801,10013050049,"1110C000055837","RD","AddressBase Premium Classification Scheme",1.0,2007-01-09,,2010-03-11,2007-01-09
21,"I",372802,10013050053,1,,,10013050052,291720.00,091678.00,1,1110,2007-01-09,,2013-02-11,2007-01-09,"S","EX2 8EZ",0
23,"I",372803,10013050053,"1110X014223318","5294679000",,"7666VC",2007-01-09,,2007-07-19,2007-01-09
23,"I",372804,10013050053,"1110X600055841","osgb4000000025429995",2,"7666MI",2007-01-09,,2007-07-19,2007-01-09
23,"I",372805,10013050053,"1110X700055841","osgb1000002070801872",2,"7666MT",2007-01-09,,2007-07-19,2007-01-09
23,"I",372806,10013050053,"1110X900055841","osgb1000002274473997",6,"7666MA",2007-01-09,,2007-07-19,2007-01-09
24,"I",372807,10013050053,"1110L000159886","ENG",1,2007-01-09,,2007-07-18,2007-01-09,1,"",,"","",,"",,"","BREWERS COURT",14200930,"1","","",""
28,"I",372808,10013050053,10013050052,50242105,"","","FLAT 1","BREWERS COURT",,"","WILLEYS AVENUE","","","EXETER","EX2 8EZ","S","","","","","","",2014-04-22,2007-01-09,,2007-07-19,2007-01-09
32,"I",372809,10013050053,"1110C000055841","RD","AddressBase Premium Classification Scheme",1.0,2007-01-09,,2007-07-19,2007-01-09
21,"I",372810,10023115697,1,,,,294297.00,094832.00,4,1110,2007-07-20,,2013-02-11,2007-07-20,"N","EX4 9DT",0
24,"I",372811,10023115697,"1110L000162078","ENG",1,2007-07-20,,2007-10-01,2007-07-20,,"",,"","",,"",,"","STREET RECORD",14200209,"1","","",""
32,"I",372812,10023115697,"1110C000055883","PS","AddressBase Premium Classification Scheme",1.0,2007-07-20,,2007-07-20,2007-07-20
21,"I",372813,10023115706,1,,,,290130.00,091387.00,4,1110,2007-07-20,,2013-02-11,2007-07-20,"N","EX4 1TA",0
24,"I",372814,10023115706,"1110L000162087","ENG",1,2007-07-20,,2007-10-01,2007-07-20,,"",,"","",,"",,"","STREET RECORD",14200252,"1","","",""
32,"I",372815,10023115706,"1110C000055892","PS","AddressBase Premium Classification Scheme",1.0,2007-07-20,,2007-07-20,2007-07-20
21,"I",372816,10023115721,1,,,,292283.00,092188.00,4,1110,2007-07-20,,2013-02-11,2007-07-20,"N","EX2 4JR",0
24,"I",372817,10023115721,"1110L000162102","ENG",1,2007-07-20,,2007-10-01,2007-07-20,,"",,"","",,"",,"","STREET RECORD",14200343,"1","","",""
32,"I",372818,10023115721,"1110C000055907","PS","AddressBase Premium Classification Scheme",1.0,2007-07-20,,2007-07-20,2007-07-20
21,"I",372819,10023115779,1,,,,291947.00,092810.00,4,1110,2007-07-20,,2013-02-11,2007-07-20,"N","EX4 3RX",0
24,"I",372820,10023115779,"1110L000162160","ENG",1,2007-07-20,,2007-10-01,2007-07-20,,"",,"","",,"",,"","STREET RECORD",14200631,"1","","",""
32,"I",372821,10023115779,"1110C000055964","PS","AddressBase Premium Classification Scheme",1.0,2007-07-20,,2007-07-20,2007-07-20
21,"I",372822,100040239204,1,2,2011-07-12,,292222.00,093384.00,1,1110,2001-04-04,,2013-02-11,2001-04-06,"S","EX4 4NL",0
23,"I",372823,100040239204,"1110X014155670","38588182",,"7666VC",2001-04-04,,2011-07-12,2001-04-06
23,"I",372824,100040239204,"1110X600055997","osgb4000000025321294",3,"7666MI",2001-04-04,,2011-07-12,2001-04-06
23,"I",372825,100040239204,"1110X700055997","osgb1000012324441",3,"7666MT",2001-04-04,,2011-07-12,2001-04-06
23,"I",372826,100040239204,"1110X900055997","osgb1000002274382610",4,"7666MA",2001-04-04,,2011-07-12,2001-04-06
24,"I",372827,100040239204,"1110L000124917","ENG",1,2005-06-26,,2006-02-19,2005-06-26,,"",,"","",18,"",,"","",14200895,"1","","","N"
28,"I",372828,100040239204,,8783103,"","","","",18,"","WAVERLEY AVENUE","","","EXETER","EX4 4NL","S","","","","","","",2014-04-22,2001-04-04,,2011-07-12,2001-04-06
32,"I",372829,100040239204,"1110C000055997","RD","AddressBase Premium Classification Scheme",1.0,2001-04-04,,2011-07-12,2001-04-06
21,"I",372830,100040239235,1,2,2011-07-12,,292811.00,091990.00,1,1110,2001-04-04,,2013-02-11,2001-04-06,"S","EX2 4PR",0
23,"I",372831,100040239235,"1110X014164936","38641182",,"7666VC",2001-04-04,,2011-07-12,2001-04-06
23,"I",372832,100040239235,"1110X600056028","osgb4000000025447659",1,"7666MI",2001-04-04,,2011-07-12,2001-04-06
23,"I",372833,100040239235,"1110X700056028","osgb1000012315511",4,"7666MT",2001-04-04,,2011-07-12,2001-04-06
23,"I",372834,100040239235,"1110X900056028","osgb1000002274376177",5,"7666MA",2001-04-04,,2011-07-12,2001-04-06
24,"I",372835,100040239235,"1110L000124896","ENG",1,2005-06-26,,2006-02-19,2005-06-26,,"",,"","",7,"",,"","",14200896,"1","","","N"
28,"I",372836,100040239235,,8753953,"","","","",7,"","WAYLAND AVENUE","","","EXETER","EX2 4PR","S","","","","","","",2014-04-22,2001-04-04,,2011-07-12,2001-04-06
32,"I",372837,100040239235,"1110C000056028","RD","AddressBase Premium Classification Scheme",1.0,2001-04-04,,2011-07-12,2001-04-06
21,"I",372838,100040239240,1,2,2011-07-12,,292775.00,091993.00,1,1110,2001-04-04,,2013-02-11,2001-04-06,"S","EX2 4PR",0
23,"I",372839,100040239240,"1110X014164930","38631182",,"7666VC",2001-04-04,,2011-07-12,2001-04-06
23,"I",372840,100040239240,"1110X600056033","osgb4000000025447631",1,"7666MI",2001-04-04,,2011-07-12,2001-04-06
23,"I",372841,100040239240,"1110X700056033","osgb1000012315506",4,"7666MT",2001-04-04,,2011-07-12,2001-04-06
23,"I",372842,100040239240,"1110X900056033","osgb1000002274376172",5,"7666MA",2001-04-04,,2011-07-12,2001-04-06
24,"I",372843,100040239240,"1110L000124901","ENG",1,2005-06-26,,2006-02-19,2005-06-26,,"",,"","",12,"",,"","",14200896,"1","","","N"
28,"I",372844,100040239240,,8753942,"","","","",12,"","WAYLAND AVENUE","","","EXETER","EX2 4PR","S","","","","","","",2014-04-22,2001-04-04,,2011-07-12,2001-04-06
32,"I",372845,100040239240,"1110C000056033","RD","AddressBase Premium Classification Scheme",1.0,2001-04-04,,2011-07-12,2001-04-06
21,"I",372846,100040239255,1,2,2011-07-12,,294662.00,093082.00,1,1110,2001-04-04,,2013-02-11,2001-04-06,"S","EX1 3LF",0
23,"I",372847,100040239255,"1110X014164881","38694182",,"7666VC",2001-04-04,,2011-07-12,2001-04-06
23,"I",372848,100040239255,"1110X600056048","osgb4000000025346367",4,"7666MI",2001-04-04,,2011-07-12,2001-04-06
23,"I",372849,100040239255,"1110X700056048","osgb1000012367750",2,"7666MT",2001-04-04,,2011-07-12,2001-04-06
23,"I",372850,100040239255,"1110X900056048","osgb1000002274408890",5,"7666MA",2001-04-04,,2011-07-12,2001-04-06
24,"I",372851,100040239255,"1110L000114430","ENG",1,2001-04-04,,2007-07-18,2002-04-22,,"",,"","",7,"A",,"","",14200897,"1","","",""
28,"I",372852,100040239255,,8749572,"","","","7A",,"","WAYSIDE CRESCENT","","","EXETER","EX1 3LF","S","","","","","","",2014-04-22,2001-04-04,,2011-07-12,2001-04-06
32,"I",372853,100040239255,"1110C000056048","RD","AddressBase Premium Classification Scheme",1.0,2001-04-04,,2011-07-12,2001-04-06
21,"I",372854,100040241525,1,2,2011-07-12,,294662.00,091843.00,1,1110,2001-04-04,,2013-02-11,2001-04-06,"S","EX2 5JY",0
23,"I",372855,100040241525,"1110X014203743","40850182",,"7666VC",2001-04-04,,2011-07-12,2001-04-06
23,"I",372856,100040241525,"1110X600056183","osgb4000000025306287",8,"7666MI",2001-04-04,,2011-07-12,2001-04-06
23,"I",372857,100040241525,"1110X700056183","osgb1000012360172",3,"7666MT",2001-04-04,,2011-07-12,2001-04-06
23,"I",372858,100040241525,"1110X900056183","osgb1000002274404355",7,"7666MA",2001-04-04,,2011-07-12,2001-04-06
24,"I",372859,100040241525,"1110L000123376","ENG",1,2005-06-26,,2006-02-19,2005-06-26,,"",,"","",34,"",,"","",14201179,"1","","","N"
28,"I",372860,100040241525,,8756694,"","","","",34,"","WOODWATER LANE","","","EXETER","EX2 5JY","S","","","","","","",2014-04-22,2001-04-04,,2011-07-12,2001-04-06
32,"I",372861,100040241525,"1110C000056183","RD","AddressBase Premium Classification Scheme",1.0,2001-04-04,,2011-07-12,2001-04-06
21,"I",372862,100040241571,1,2,2011-07-12,,294720.00,091896.00,1,1110,2001-04-04,,2013-02-11,2001-04-06,"S","EX2 5JY",0
23,"I",372863,100040241571,"1110X014203723","40921182",,"7666VC",2001-04-04,,2011-07-12,2001-04-06
23,"I",372864,100040241571,"1110X600056229","osgb4000000025447635",1,"7666MI",2001-04-04,,2011-07-12,2001-04-06
23,"I",372865,100040241571,"1110X700056229","osgb1000012360027",4,"7666MT",2001-04-04,,2011-07-12,2001-04-06
23,"I",372866,100040241571,"1110X900056229","osgb1000002274404344",7,"7666MA",2001-04-04,,2011-07-12,2001-04-06
24,"I",372867,100040241571,"1110L000123455","ENG",1,2005-06-26,,2006-02-19,2005-06-26,,"",,"","",61,"",,"","",14201179,"1","","","N"
28,"I",372868,100040241571,,8756740,"","","","",61,"","WOODWATER LANE","","","EXETER","EX2 5JY","S","","","","","","",2014-04-22,2001-04-04,,2011-07-12,2001-04-06
32,"I",372869,100040241571,"1110C000056229","RD","AddressBase Premium Classification Scheme",1.0,2001-04-04,,2011-07-12,2001-04-06
21,"I",372870,100041124286,1,2,2011-07-12,100041225732,291785.00,092251.00,1,1110,2001-04-04,,2013-02-11,2001-04-06,"C","EX1 1BB",0
23,"I",372871,100041124286,"1110X014136343","299241182",,"7666VC",2001-04-04,,2011-07-12,2001-04-06
24,"I",372872,100041124286,"1110L000141081","ENG",1,2005-06-26,,2006-02-19,2005-06-26,,"",,"","FLAT 6",,"",,"","WESTGATE COURT",14200910,"1","","","N"
32,"I",372873,100041124286,"1110C000056270","R","AddressBase Premium Classification Scheme",1.0,2001-04-04,,2011-07-12,2001-04-06
21,"I",372874,100041124347,1,,,,292700.00,092700.00,1,1110,2001-04-04,,2013-02-11,2001-04-06,"S","EX1 1SL",0
23,"I",372875,100041124347,"1110X041532513","6153258000",,"7666VN",2014-01-16,,2014-02-23,2014-01-16
24,"I",372876,100041124347,"1110L000115750","ENG",1,2001-04-04,,2013-11-21,2002-04-22,,"",,"","",,"",,"","ST LUKES CAMPUS",14200380,"1","","",""
32,"I",372877,100041124347,"1110C000056307","UC","AddressBase Premium Classification Scheme",1.0,2001-04-04,,2007-07-19,2001-04-06
21,"I",372878,100041124433,1,2,2011-07-12,,293269.00,092653.00,1,1110,2001-04-04,,2013-02-11,2001-04-06,"S","EX1 2NJ",0
23,"I",372879,100041124433,"1110X014153479","5610801000",,"7666VC",2001-04-04,,2011-07-12,2001-04-06
23,"I",372880,100041124433,"1110X600056381","osgb4000000025306148",4,"7666MI",2001-04-04,,2011-07-12,2001-04-06
23,"I",372881,100041124433,"1110X700056381","osgb1000012342012",2,"7666MT",2001-04-04,,2011-07-12,2001-04-06
23,"I",372882,100041124433,"1110X900056381","osgb1000002274393418",5,"7666MA",2001-04-04,,2011-07-12,2001-04-06
24,"I",372883,100041124433,"1110L000124339","ENG",1,2005-06-26,,2006-02-19,2005-06-26,,"",,"","",5,"",,"","",14200351,"1","","","N"
28,"I",372884,100041124433,,8744959,"","","","",5,"","GRENDON ROAD","","","EXETER","EX1 2NJ","S","","","","","","",2014-04-22,2001-04-04,,2011-07-12,2001-04-06
32,"I",372885,100041124433,"1110C000056381","RD","AddressBase Premium Classification Scheme",1.0,2001-04-04,,2011-07-12,2001-04-06
21,"I",372886,100041133284,1,2,2011-07-12,100040200610,291647.00,091852.00,1,1110,2001-04-04,,2013-02-11,2001-04-06,"C","EX2 8AT",0
24,"I",372887,100041133284,"1110L000116669","ENG",1,2001-04-04,,2007-07-18,2002-04-22,,"",,"","FLAT 4",,"",,"","WYLIE HOUSE",14200021,"1","","",""
32,"I",372888,100041133284,"1110C000056443","R","AddressBase Premium Classification Scheme",1.0,2001-04-04,,2014-05-20,2001-04-06
21,"I",372889,100041143777,1,2,2008-07-03,100041225798,293259.08,093409.28,1,1110,2001-04-04,,2013-02-11,2001-04-06,"S","EX4 7HQ",0
23,"I",372890,100041143777,"1110X014106304","28124182",,"7666VC",2001-04-04,,2012-04-03,2001-04-06
23,"I",372891,100041143777,"1110X600056534","osgb4000000025306129",4,"7666MI",2001-04-04,,2012-04-03,2001-04-06
23,"I",372892,100041143777,"1110X700056534","osgb1000012348580",4,"7666MT",2001-04-04,,2012-04-03,2001-04-06
23,"I",372893,100041143777,"1110X900056534","osgb1000002274397263",7,"7666MA",2001-04-04,,2012-04-03,2001-04-06
24,"I",372894,100041143777,"1110L000118058","ENG",1,2001-04-04,,2008-07-03,2002-04-22,3,"",,"","",,"",,"","WATERMORE COURT",14201114,"1","","","N"
28,"I",372895,100041143777,100041225798,8789958,"","","","3 WATERMORE COURT",,"","PINHOE ROAD","","","EXETER","EX4 7HQ","S","","","","","","",2014-04-22,2001-04-04,,2012-04-03,2001-04-06
32,"I",372896,100041143777,"1110C000056534","RD06","AddressBase Premium Classification Scheme",1.0,2001-04-04,,2012-04-03,2001-04-06
21,"I",372897,100041143863,1,,,100041225438,293188.00,093534.00,1,1110,2001-04-04,,2013-02-11,2001-04-06,"S","EX4 7AD",0
23,"I",372898,100041143863,"1110X600056570","osgb4000000025321308",3,"7666MI",2001-04-04,,2007-07-19,2001-04-06
23,"I",372899,100041143863,"1110X700056570","osgb1000012345177",4,"7666MT",2001-04-04,,2007-07-19,2001-04-06
23,"I",372900,100041143863,"1110X900056570","osgb1000002274395358",5,"7666MA",2001-04-04,,2007-07-19,2001-04-06
24,"I",372901,100041143863,"1110L000143937","ENG",1,2005-06-26,,2006-02-19,2005-06-26,,"",,"","ROOM 5",16,"",,"","",14200570,"1","","","N"
28,"I",372902,100041143863,100041225438,8788507,"","","ROOM 5","",16,"","MOUNT PLEASANT ROAD","","","EXETER","EX4 7AD","S","","","","","","",2014-04-22,2001-04-04,,2007-07-19,2001-04-06
32,"I",372903,100041143863,"1110C000056570","RD","AddressBase Premium Classification Scheme",1.0,2001-04-04,,2007-07-19,2001-04-06
21,"I",372904,10013037585,1,2,2010-11-08,10023120083,292530.91,090055.33,1,1110,2005-07-07,,2014-02-11,2005-07-07,"S","EX2 8RU",0
24,"I",372905,10013037585,"1110L000145759","ENG",1,2005-07-07,,2014-02-11,2005-07-07,,"",,"","STUART MARSH SHOES LTD",,"",,"","HENNOCK COURT",14202254,"1","","",""
32,"I",372906,10013037585,"1110C000056659","C","AddressBase Premium Classification Scheme",1.0,2005-07-07,,2010-11-08,2005-07-07
21,"I",372907,10023121747,1,2,2012-07-31,,292601.00,093278.00,1,1110,2012-07-31,,2012-11-05,2012-07-31,"S","EX4 6QR",0
23,"I",372908,10023121747,"1110X041222558","8441045000",,"7666VC",2013-06-15,,2013-06-15,2013-06-15
23,"I",372909,10023121747,"1110X600063043","osgb4000000025306134",3,"7666MI",2013-03-23,,2013-09-07,2013-03-23
23,"I",372910,10023121747,"1110X700063043","osgb1000012323048",5,"7666MT",2012-07-31,,2013-09-07,2012-07-31
23,"I",372911,10023121747,"1110X900063043","osgb5000005106357557",2,"7666MA",2013-03-23,,2013-09-07,2013-03-23
24,"I",372912,10023121747,"1110L000168181","ENG",1,2012-07-31,,2012-11-05,2012-07-31,,"",,"","",19,"A",,"","",14200901,"1","","",""
28,"I",372913,10023121747,,8787772,"","","","19A",,"","WELL STREET","","","EXETER","EX4 6QR","S","","","","","","",2014-04-22,2012-07-31,,2012-11-05,2012-07-31
32,"I",372914,10023121747,"1110C000063043","RD","AddressBase Premium Classification Scheme",1.0,2012-07-31,,2013-03-25,2012-07-31
21,"I",372915,10023121748,1,2,2012-07-31,100040223331,292900.91,092124.92,1,1110,2012-07-31,,2012-07-31,2012-07-31,"C","EX2 4LL",0
23,"I",372916,10023121748,"1110X036843419","8283332000",,"7666VN",2012-07-31,,2012-07-31,2012-07-31
24,"I",372917,10023121748,"1110L000168182","ENG",1,2012-07-31,,2012-07-31,2012-07-31,,"",,"","THE PUMP HOUSE",44,"",,"","",14200529,"1","","",""
32,"I",372918,10023121748,"1110C000063044","C","AddressBase Premium Classification Scheme",1.0,2012-07-31,,2012-07-31,2012-07-31
21,"I",372919,10013037623,1,2,2010-11-17,,291958.00,092644.00,1,1110,2005-07-07,,2013-02-11,2005-07-07,"S","EX4 3EB",0
23,"I",372920,10013037623,"1110X036779307","2829432000",,"7666VN",2005-07-07,,2010-11-17,2005-07-07
23,"I",372921,10013037623,"1110X600056688","osgb4000000025460692",1,"7666MI",2005-07-07,,2010-11-17,2005-07-07
23,"I",372922,10013037623,"1110X700056688","osgb1000012290368",4,"7666MT",2005-07-07,,2010-11-17,2005-07-07
23,"I",372923,10013037623,"1110X900056688","osgb1000002274451158",12,"7666MA",2005-07-07,,2010-11-17,2005-07-07
24,"I",372924,10013037623,"1110L000149887","ENG",1,2005-07-07,,2010-11-17,2005-07-07,,"",,"","",201,"",,"","",14200389,"1","","",""
28,"I",372925,10013037623,,27860329,"CLAIRES ACCESSORIES","","","",201,"","HIGH STREET","","","EXETER","EX4 3EB","S","","","","","","",2014-04-22,2005-07-07,,2010-11-17,2005-07-07
31,"I",372926,10013037623,"1110O000056688","CLAIRES ACCESSORIES","",2005-07-07,,2010-11-17,2005-07-07
32,"I",372927,10013037623,"1110C000056688","CR","AddressBase Premium Classification Scheme",1.0,2005-07-07,,2010-11-17,2005-07-07
21,"I",372928,10013037645,1,,,100041141982,292128.00,092785.00,1,1110,2005-07-07,,2013-02-11,2005-07-07,"C","EX4 3NE",0
23,"I",372929,10013037645,"1110X000291743","1635344000",,"7666VN",2005-07-07,,2013-09-07,2005-07-07
24,"I",372930,10013037645,"1110L000145801","ENG",1,2005-07-07,,2007-07-18,2005-07-07,,"",,"","THE JAMAR GROUP LTD",236,"",,"","PEARL ASSURANCE HOUSE",14200389,"1","","",""
32,"I",372931,10013037645,"1110C000056708","UC","AddressBase Premium Classification Scheme",1.0,2005-07-07,,2013-11-28,2005-07-07
21,"I",372932,10013039968,8,,,100041046375,290912.14,091755.57,1,1110,2005-07-07,2014-03-26,2014-03-26,2005-07-07,"S","EX4 1HB",0
24,"I",372933,10013039968,"1110L000151629","ENG",8,2005-07-07,2014-03-26,2014-03-26,2005-07-07,,"",,"","FARM FRESH BUTCHERS",7,"",,"","",14200889,"1","","",""
32,"I",372934,10013039968,"1110C000056724","CR08","AddressBase Premium Classification Scheme",1.0,2005-07-07,2014-03-26,2014-04-04,2005-07-07
21,"I",372935,10013040005,1,2,2011-07-12,,291993.00,091977.00,1,1110,2005-07-07,,2013-02-11,2005-07-07,"S","EX2 8GU",0
23,"I",372936,10013040005,"1110X014174836","254142182",,"7666VC",2005-07-07,,2011-07-12,2005-07-07
23,"I",372937,10013040005,"1110X600056761","osgb4000000025321046",5,"7666MI",2005-07-07,,2011-07-12,2005-07-07
23,"I",372938,10013040005,"1110X700056761","osgb1000012286633",3,"7666MT",2005-07-07,,2011-07-12,2005-07-07
23,"I",372939,10013040005,"1110X900056761","osgb1000002274356902",7,"7666MA",2005-07-07,,2011-07-12,2005-07-07
24,"I",372940,10013040005,"1110L000151653","ENG",1,2005-07-07,,2007-07-18,2005-07-07,,"",,"","",28,"",,"","",14200370,"1","","",""
28,"I",372941,10013040005,,8764065,"","","","",28,"","WATERSIDE","","","EXETER","EX2 8GU","S","","","","","","",2014-04-22,2005-07-07,,2011-07-12,2005-07-07
32,"I",372942,10013040005,"1110C000056761","RD","AddressBase Premium Classification Scheme",1.0,2005-07-07,,2011-07-12,2005-07-07
21,"I",372943,10013040092,1,,,100041046405,292575.00,093235.00,2,1110,2005-07-07,,2013-02-11,2005-07-07,"C","EX4 6QR",0
24,"I",372944,10013040092,"1110L000151687","ENG",1,2005-07-07,,2007-07-18,2005-07-07,,"",,"","CINDERELLA",9,"",,"","",14200901,"1","","",""
32,"I",372945,10013040092,"1110C000056847","UC","AddressBase Premium Classification Scheme",1.0,2005-07-07,,2007-07-19,2005-07-07
21,"I",372946,10013042402,1,2,2011-07-12,10013049958,291677.00,091211.00,1,1110,2005-07-07,,2013-02-11,2005-07-07,"S","EX2 8GJ",0
23,"I",372947,10013042402,"1110X014194315","3903132000",,"7666VC",2005-07-07,,2011-07-12,2005-07-07
23,"I",372948,10013042402,"1110X600056944","osgb4000000025305659",6,"7666MI",2005-07-07,,2011-07-12,2005-07-07
23,"I",372949,10013042402,"1110X700056944","osgb1000002070563490",4,"7666MT",2005-07-07,,2011-07-12,2005-07-07
23,"I",372950,10013042402,"1110X900056944","osgb1000002274458641",8,"7666MA",2005-07-07,,2011-07-12,2005-07-07
24,"I",372951,10013042402,"1110L000150935","ENG",1,2005-07-07,,2007-07-18,2005-07-07,17,"",,"","",,"",,"","BESLEY COURT",14200705,"1","","",""
28,"I",372952,10013042402,10013049958,27658271,"","","","17 BESLEY COURT",,"","RETAIL PARK CLOSE","","","EXETER","EX2 8GJ","S","","","","","","",2014-04-22,2005-07-07,,2011-07-12,2005-07-07
32,"I",372953,10013042402,"1110C000056944","RD","AddressBase Premium Classification Scheme",1.0,2005-07-07,,2011-07-12,2005-07-07
21,"I",372954,10013042416,1,2,2010-03-15,10023117827,290788.00,093442.00,1,1110,2005-07-07,,2013-02-11,2005-07-07,"S","EX4 2AS",0
23,"I",372955,10013042416,"1110X014194241","3704737000",,"7666VC",2005-07-07,,2010-03-15,2005-07-07
23,"I",372956,10013042416,"1110X600056956","osgb4000000025306018",8,"7666MI",2005-07-07,,2010-03-15,2005-07-07
23,"I",372957,10013042416,"1110X700056956","osgb1000012258305",2,"7666MT",2005-07-07,,2010-03-15,2005-07-07
23,"I",372958,10013042416,"1110X900056956","osgb1000002274339145",10,"7666MA",2005-07-07,,2010-03-15,2005-07-07
24,"I",372959,10013042416,"1110L000149230","ENG",1,2005-07-07,,2010-03-15,2005-07-07,18,"",,"","",,"",,"","EXWICK VILLAS",14200290,"1","","","Y"
28,"I",372960,10013042416,10023117827,8776656,"","","","18 EXWICK VILLAS",,"","EXWICK ROAD","","","EXETER","EX4 2AS","S","","","","","","",2014-04-22,2005-07-07,,2010-03-15,2005-07-07
32,"I",372961,10013042416,"1110C000056956","RD","AddressBase Premium Classification Scheme",1.0,2005-07-07,,2010-03-15,2005-07-07
21,"I",372962,10013047519,1,2,2011-07-25,100041142556,291459.00,092759.00,1,1110,2006-04-05,,2013-02-11,2006-04-05,"C","EX4 4DZ",0
23,"I",372963,10013047519,"1110X014172855","222376182",,"7666VC",2006-04-05,,2011-07-25,2006-04-05
24,"I",372964,10013047519,"1110L000157386","ENG",1,2006-04-05,,2011-07-25,2006-04-05,,"",,"","SECOND FLOOR FLAT",24,"",,"","",14200359,"1","","",""
32,"I",372965,10013047519,"1110C000057145","RD06","AddressBase Premium Classification Scheme",1.0,2006-04-05,,2011-07-25,2006-04-05
21,"I",372966,10013050099,1,,,10013050097,292901.00,094314.00,1,1110,2007-01-10,,2013-02-11,2007-01-10,"S","EX4 5ES",0
23,"I",372967,10013050099,"1110X014222943","5718602000",,"7666VC",2007-01-10,,2007-07-19,2007-01-10
23,"I",372968,10013050099,"1110X600057252","osgb4000000025306217",4,"7666MI",2007-01-10,,2007-07-19,2007-01-10
23,"I",372969,10013050099,"1110X700057252","osgb1000002070804666",2,"7666MT",2007-01-10,,2007-07-19,2007-01-10
23,"I",372970,10013050099,"1110X900057252","osgb1000002274471043",7,"7666MA",2007-01-10,,2007-07-19,2007-01-10
24,"I",372971,10013050099,"1110L000159932","ENG",1,2007-01-10,,2007-07-18,2007-01-10,2,"",,"","",,"",,"","COBHAM COURT",14200718,"1","","",""
28,"I",372972,10013050099,10013050097,50268214,"","","","2 COBHAM COURT",,"","ROSEBARN LANE","","","EXETER","EX4 5ES","S","","","","","","",2014-04-22,2007-01-10,,2007-07-19,2007-01-10
32,"I",372973,10013050099,"1110C000057252","RD","AddressBase Premium Classification Scheme",1.0,2007-01-10,,2007-07-19,2007-01-10
21,"I",372974,10013050185,1,,,10013050119,291815.00,093090.00,1,1110,2007-01-11,,2013-02-11,2007-01-11,"S","EX4 4JN",0
23,"I",372975,10013050185,"1110X014213523","5671909000",,"7666VC",2007-01-11,,2007-07-19,2007-01-11
23,"I",372976,10013050185,"1110X600057339","osgb4000000025432306",4,"7666MI",2007-01-11,,2007-07-19,2007-01-11
23,"I",372977,10013050185,"1110X900057339","osgb1000002274472217",7,"7666MA",2007-01-11,,2007-07-19,2007-01-11
24,"I",372978,10013050185,"1110L000160018","ENG",1,2007-01-11,,2007-07-18,2007-01-11,67,"",,"","",,"",,"","MARCUS HOUSE",14200580,"1","","",""
28,"I",372979,10013050185,10013050119,28383521,"","","","67 MARCUS HOUSE",,"","NEW NORTH ROAD","","","EXETER","EX4 4JN","S","","","","","","",2014-04-22,2007-01-11,,2007-07-19,2007-01-11
32,"I",372980,10013050185,"1110C000057339","RD","AddressBase Premium Classification Scheme",1.0,2007-01-11,,2007-07-19,2007-01-11
21,"I",372981,10023115809,1,,,,291793.00,092539.00,4,1110,2007-07-20,,2013-02-11,2007-07-20,"N","EX4 3BA",0
24,"I",372982,10023115809,"1110L000162190","ENG",1,2007-07-20,,2007-10-01,2007-07-20,,"",,"","",,"",,"","STREET RECORD",14200830,"1","","",""
32,"I",372983,10023115809,"1110C000057354","PS","AddressBase Premium Classification Scheme",1.0,2007-07-20,,2007-07-20,2007-07-20
21,"I",372984,10023115813,1,,,,294236.00,094619.00,4,1110,2007-07-20,,2013-02-11,2007-07-20,"N","EX4 9BS",0
24,"I",372985,10023115813,"1110L000162194","ENG",1,2007-07-20,,2007-10-01,2007-07-20,,"",,"","",,"",,"","STREET RECORD",14200862,"1","","",""
32,"I",372986,10023115813,"1110C000057358","PS","AddressBase Premium Classification Scheme",1.0,2007-07-20,,2007-07-20,2007-07-20
21,"I",372987,10023115826,1,,,,291693.00,092294.00,4,1110,2007-07-20,,2013-02-11,2007-07-20,"N","EX4 3AH",0
24,"I",372988,10023115826,"1110L000162207","ENG",1,2007-07-20,,2007-10-01,2007-07-20,,"",,"","",,"",,"","STREET RECORD",14200910,"1","","",""
32,"I",372989,10023115826,"1110C000057371","PS","AddressBase Premium Classification Scheme",1.0,2007-07-20,,2007-07-20,2007-07-20
21,"I",372990,100040239460,1,2,2011-07-12,,291842.00,091560.00,1,1110,2001-04-04,,2013-02-11,2001-04-06,"S","EX2 8EN",0
23,"I",372991,100040239460,"1110X014164952","38860182",,"7666VC",2001-04-04,,2011-07-12,2001-04-06
23,"I",372992,100040239460,"1110X600057612","osgb4000000025320893",3,"7666MI",2001-04-04,,2011-07-12,2001-04-06
23,"I",372993,100040239460,"1110X700057612","osgb1000012285943",3,"7666MT",2001-04-04,,2011-07-12,2001-04-06
23,"I",372994,100040239460,"1110X900057612","osgb1000002274356847",5,"7666MA",2001-04-04,,2011-07-12,2001-04-06
24,"I",372995,100040239460,"1110L000125051","ENG",1,2005-06-26,,2006-02-19,2005-06-26,,"",,"","",15,"",,"","",14200900,"1","","","N"
28,"I",372996,100040239460,,8763401,"","","","",15,"","WELCOME STREET","","","EXETER","EX2 8EN","S","","","","","","",2014-04-22,2001-04-04,,2011-07-12,2001-04-06
32,"I",372997,100040239460,"1110C000057612","RD","AddressBase Premium Classification Scheme",1.0,2001-04-04,,2011-07-12,2001-04-06
21,"I",372998,100040239468,1,2,2011-07-12,,292550.00,093196.00,1,1110,2001-04-04,,2013-02-11,2001-04-06,"S","EX4 6QR",0
23,"I",372999,100040239468,"1110X014251229","38918182",,"7666VC",2001-04-04,,2011-07-12,2001-04-06
23,"I",373000,100040239468,"1110X600057620","osgb4000000025321244",4,"7666MI",2001-04-04,,2011-07-12,2001-04-06
23,"I",373001,100040239468,"1110X700057620","osgb1000012323063",5,"7666MT",2001-04-04,,2011-07-12,2001-04-06
23,"I",373002,100040239468,"1110X900057620","osgb1000002274381604",4,"7666MA",2001-04-04,,2011-07-12,2001-04-06
24,"I",373003,100040239468,"1110L000114479","ENG",1,2001-04-04,,2007-07-18,2002-04-22,,"",,"","",2,"",,"","",14200901,"1","","",""
28,"I",373004,100040239468,,8787774,"","","","",2,"","WELL STREET","","","EXETER","EX4 6QR","S","","","","","","",2014-04-22,2001-04-04,,2011-07-12,2001-04-06
32,"I",373005,100040239468,"1110C000057620","RD","AddressBase Premium Classification Scheme",1.0,2001-04-04,,2011-07-12,2001-04-06
21,"I",373006,100040241671,1,2,2011-07-12,10013050968,294889.00,091638.00,1,1110,2001-04-04,,2013-02-11,2001-04-06,"S","EX2 5AR",0
23,"I",373007,100040241671,"1110X014203608","54276182",,"7666VC",2001-04-04,,2011-07-12,2001-04-06
23,"I",373008,100040241671,"1110X600057687","osgb4000000025384145",5,"7666MI",2001-04-04,,2011-07-12,2001-04-06
23,"I",373009,100040241671,"1110X700057687","osgb1000012359928",3,"7666MT",2001-04-04,,2011-07-12,2001-04-06
23,"I",373010,100040241671,"1110X900057687","osgb1000002274404058",6,"7666MA",2001-04-04,,2011-07-12,2001-04-06
24,"I",373011,100040241671,"1110L000120731","ENG",1,2005-06-26,,2006-02-19,2005-06-26,49,"",,"","",,"",,"","LANSDOWNE",14201179,"1","","","N"
28,"I",373012,100040241671,10013050968,8755187,"","","","",49,"LANSDOWNE","WOODWATER LANE","","","EXETER","EX2 5AR","S","","","","","","",2014-04-22,2001-04-04,,2011-07-12,2001-04-06
32,"I",373013,100040241671,"1110C000057687","RD","AddressBase Premium Classification Scheme",1.0,2001-04-04,,2011-07-12,2001-04-06
21,"I",373014,100041124510,1,2,2011-07-12,,293730.00,092560.00,1,1110,2001-04-04,,2013-02-11,2001-04-06,"S","EX1 2QU",0
23,"I",373015,100041124510,"1110X014250118","255963182",,"7666VC",2001-04-04,,2011-07-12,2001-04-06
23,"I",373016,100041124510,"1110X600057810","osgb4000000025321189",4,"7666MI",2001-04-04,,2011-07-12,2001-04-06
23,"I",373017,100041124510,"1110X700057810","osgb1000012340464",2,"7666MT",2001-04-04,,2011-07-12,2001-04-06
23,"I",373018,100041124510,"1110X900057810","osgb1000002274392733",5,"7666MA",2001-04-04,,2011-07-12,2001-04-06
24,"I",373019,100041124510,"1110L000144524","ENG",1,2005-06-26,,2006-02-19,2005-06-26,,"",,"","",24,"B",,"","",14200408,"1","","","N"
28,"I",373020,100041124510,,8745821,"","","","24B",,"","HOMEFIELD ROAD","","","EXETER","EX1 2QU","S","","","","","","",2014-04-22,2001-04-04,,2011-07-12,2001-04-06
32,"I",373021,100041124510,"1110C000057810","RD","AddressBase Premium Classification Scheme",1.0,2001-04-04,,2011-07-12,2001-04-06
21,"I",373022,100041124530,1,1,2007-07-19,100041124396,293012.00,093030.00,1,1110,2001-04-04,,2013-02-11,2001-04-06,"C","EX1 2HQ",0
23,"I",373023,100041124530,"1110X014229769","241423182",,"7666VC",2001-04-04,,2007-09-17,2001-04-06
23,"I",373024,100041124530,"1110X600057820","osgb4000000025336226",4,"7666MI",2001-04-04,,2007-09-17,2001-04-06
23,"I",373025,100041124530,"1110X700057820","osgb1000012347793",3,"7666MT",2001-04-04,,2007-09-17,2001-04-06
23,"I",373026,100041124530,"1110X900057820","osgb1000002274397527",6,"7666MA",2001-04-04,,2007-09-17,2001-04-06
24,"I",373027,100041124530,"1110L000115854","ENG",1,2001-04-04,,2007-07-18,2002-04-22,,"",,"","FLAT 1",70,"",,"","",14200070,"1","","",""
24,"I",373028,100041124530,"1110L000156638","ENG",3,2006-04-05,,2007-10-01,2006-04-05,,"",,"","GRND FLR FLT",70,"",,"","",14200070,"1","","",""
28,"I",373029,100041124530,100041124396,8744427,"","","FLAT 1","",70,"","BELMONT ROAD","","","EXETER","EX1 2HQ","S","","","","","","",2014-04-22,2001-04-04,,2007-09-17,2001-04-06
32,"I",373030,100041124530,"1110C000057820","RD","AddressBase Premium Classification Scheme",1.0,2001-04-04,,2007-09-17,2001-04-06
21,"I",373031,100041133393,1,2,2011-07-12,100041225305,291890.00,091881.00,1,1110,2001-04-04,,2013-02-11,2001-04-06,"S","EX2 8DL",0
23,"I",373032,100041133393,"1110X014182737","300192182",,"7666VC",2001-04-04,,2011-07-12,2001-04-06
23,"I",373033,100041133393,"1110X600057860","osgb4000000025446616",1,"7666MI",2001-04-04,,2011-07-12,2001-04-06
23,"I",373034,100041133393,"1110X700057860","osgb1000012286717",4,"7666MT",2001-04-04,,2011-07-12,2001-04-06
23,"I",373035,100041133393,"1110X900057860","osgb1000002274357177",7,"7666MA",2001-04-04,,2011-07-12,2001-04-06
24,"I",373036,100041133393,"1110L000142194","ENG",1,2005-06-26,,2006-02-19,2005-06-26,6,"",,"","",,"",,"","STREAM COURT",14200371,"1","","","N"
28,"I",373037,100041133393,100041225305,8763245,"","","","",6,"STREAM COURT","HAVEN ROAD","","","EXETER","EX2 8DL","S","","","","","","",2014-04-22,2001-04-04,,2011-07-12,2001-04-06
32,"I",373038,100041133393,"1110C000057860","RD","AddressBase Premium Classification Scheme",1.0,2001-04-04,,2011-07-12,2001-04-06
21,"I",373039,10013040203,1,2,2008-07-24,,292621.00,093286.00,1,1110,2005-07-07,,2012-04-03,2005-07-07,"S","EX4 6QP",0
23,"I",373040,10013040203,"1110X014203547","306948182",,"7666VC",2005-07-07,,2012-04-03,2005-07-07
23,"I",373041,10013040203,"1110X600058313","osgb4000000025306133",4,"7666MI",2005-07-07,,2012-04-03,2005-07-07
23,"I",373042,10013040203,"1110X700058313","osgb1000012323140",7,"7666MT",2005-07-07,,2012-04-03,2005-07-07
23,"I",373043,10013040203,"1110X900058313","osgb1000002274381554",6,"7666MA",2005-07-07,,2012-04-03,2005-07-07
24,"I",373044,10013040203,"1110L000151709","ENG",1,2005-07-07,,2008-07-24,2005-07-07,,"",,"","",4,"",,"","",14202065,"1","","","Y"
28,"I",373045,10013040203,,8787743,"","","","",4,"","YORK TERRACE","","","EXETER","EX4 6QP","S","","","","","","",2014-04-22,2005-07-07,,2012-04-03,2005-07-07
32,"I",373046,10013040203,"1110C000058313","RD04","AddressBase Premium Classification Scheme",1.0,2005-07-07,,2012-04-03,2005-07-07
21,"I",373047,10023117011,1,2,2008-03-03,10023118637,294017.29,090262.27,1,1110,2008-02-05,,2012-04-03,2008-02-05,"S","EX2 6DG",0
23,"I",373048,10023117011,"1110X014203976","6013947000",,"7666VC",2008-02-05,,2012-04-03,2008-02-05
23,"I",373049,10023117011,"1110X600058319","osgb4000000025305701",7,"7666MI",2008-02-05,,2012-04-03,2008-02-05
23,"I",373050,10023117011,"1110X700058319","osgb1000002070847181",2,"7666MT",2008-02-05,,2012-04-03,2008-02-05
23,"I",373051,10023117011,"1110X900058319","osgb1000002274496482",4,"7666MA",2008-02-05,,2012-04-03,2008-02-05
24,"I",373052,10023117011,"1110L000163416","ENG",1,2008-02-05,,2008-02-05,2008-02-05,9,"",,"","",,"",,"","ST LUKES VIEW",14201361,"1","","","Y"
28,"I",373053,10023117011,10023118637,50965464,"","","","9 ST. LUKES VIEW",,"","COUNTESS WEAR ROAD","","","EXETER","EX2 6DG","S","","","","","","",2014-04-22,2008-02-05,,2012-04-03,2008-02-05
32,"I",373054,10023117011,"1110C000058319","RD04","AddressBase Premium Classification Scheme",1.0,2008-02-05,,2012-04-03,2008-02-05
21,"I",373055,10013042445,1,2,2010-03-04,10023118563,291389.00,091904.00,1,1110,2005-07-07,,2013-02-11,2005-07-07,"S","EX2 9DP",0
23,"I",373056,10013042445,"1110X014194110","4063407000",,"7666VC",2005-07-07,,2010-03-04,2005-07-07
23,"I",373057,10013042445,"1110X600058347","osgb4000000025335805",3,"7666MI",2005-07-07,,2010-03-04,2005-07-07
23,"I",373058,10013042445,"1110X700058347","osgb1000012288344",5,"7666MT",2005-07-07,,2010-03-04,2005-07-07
23,"I",373059,10013042445,"1110X900058347","osgb1000002274459428",7,"7666MA",2005-07-07,,2010-03-04,2005-07-07
24,"I",373060,10013042445,"1110L000147129","ENG",1,2005-07-07,,2010-03-04,2005-07-07,2,"",,"","",,"",,"","CHAPEL COURT",14200165,"1","","","Y"
28,"I",373061,10013042445,10023118563,27659700,"","","","2 CHAPEL COURT",,"","CHURCH ROAD","","ST. THOMAS","EXETER","EX2 9DP","S","","","","","","",2014-04-22,2005-07-07,,2010-03-04,2005-07-07
32,"I",373062,10013042445,"1110C000058347","RD","AddressBase Premium Classification Scheme",1.0,2005-07-07,,2010-03-04,2005-07-07
21,"I",373063,10013042452,1,2,2010-11-22,10023119615,291170.00,092287.00,1,1110,2005-07-07,,2013-02-11,2005-07-07,"S","EX4 1DT",0
23,"I",373064,10013042452,"1110X014145865","3300468000",,"7666VC",2005-07-07,,2010-11-22,2005-07-07
23,"I",373065,10013042452,"1110X600058351","osgb4000000025320922",3,"7666MI",2005-07-07,,2010-11-22,2005-07-07
23,"I",373066,10013042452,"1110X700058351","osgb1000002070517790",3,"7666MT",2005-07-07,,2010-11-22,2005-07-07
23,"I",373067,10013042452,"1110X900058351","osgb1000002274445522",5,"7666MA",2005-07-07,,2010-11-22,2005-07-07
24,"I",373068,10013042452,"1110L000150952","ENG",1,2005-07-07,,2007-07-18,2005-07-07,2,"",,"","",,"",,"","EMMANUEL MEWS",14200913,"1","","",""
28,"I",373069,10013042452,10023119615,8773440,"","","","2 EMMANUEL MEWS",,"","WESTERN ROAD","","","EXETER","EX4 1DT","S","","","","","","",2014-04-22,2005-07-07,,2010-11-22,2005-07-07
32,"I",373070,10013042452,"1110C000058351","RD","AddressBase Premium Classification Scheme",1.0,2005-07-07,,2010-11-22,2005-07-07
21,"I",373071,10013042537,1,2,2011-07-12,10013049959,291790.00,092990.00,1,1110,2005-07-07,,2013-02-11,2005-07-07,"S","EX4 3SJ",0
23,"I",373072,10013042537,"1110X014231388","2687744000",,"7666VC",2005-07-07,,2011-07-12,2005-07-07
23,"I",373073,10013042537,"1110X600058418","osgb4000000025306012",7,"7666MI",2005-07-07,,2011-07-12,2005-07-07
23,"I",373074,10013042537,"1110X700058418","osgb1000012290718",17,"7666MT",2005-07-07,,2011-07-12,2005-07-07
23,"I",373075,10013042537,"1110X900058418","osgb1000002274433239",9,"7666MA",2005-07-07,,2011-07-12,2005-07-07
24,"I",373076,10013042537,"1110L000150978","ENG",1,2005-07-07,,2007-07-18,2005-07-07,26,"",,"","",,"",,"","JUBILEE COURT",14200684,"1","","",""
28,"I",373077,10013042537,10013049959,8781310,"","","","26 JUBILEE COURT",,"","QUEEN STREET","","","EXETER","EX4 3SJ","S","","","","","","",2014-04-22,2005-07-07,,2011-07-12,2005-07-07
32,"I",373078,10013042537,"1110C000058418","RD","AddressBase Premium Classification Scheme",1.0,2005-07-07,,2011-07-12,2005-07-07
21,"I",373079,10013042538,1,2,2008-11-25,10013050494,291334.00,092265.00,1,1110,2005-07-07,,2013-02-11,2005-07-07,"S","EX4 3BZ",0
23,"I",373080,10013042538,"1110X014193977","4509633000",,"7666VC",2005-07-07,,2012-04-03,2005-07-07
23,"I",373081,10013042538,"1110X600058419","osgb4000000025305981",6,"7666MI",2005-07-07,,2012-04-03,2005-07-07
23,"I",373082,10013042538,"1110X700058419","osgb1000002070549963",4,"7666MT",2005-07-07,,2012-04-03,2005-07-07
23,"I",373083,10013042538,"1110X900058419","osgb1000002274448651",8,"7666MA",2005-07-07,,2012-04-03,2005-07-07
24,"I",373084,10013042538,"1110L000147164","ENG",1,2005-07-07,,2008-11-25,2005-07-07,26,"",,"","",,"",,"","PRINCESS ALEXANDRA COURT",14200086,"1","","","Y"
28,"I",373085,10013042538,10013050494,8780477,"","","","26 PRINCESS ALEXANDRA COURT",,"","BONHAY ROAD","","","EXETER","EX4 3BZ","S","","","","","","",2014-04-22,2005-07-07,,2012-04-03,2005-07-07
32,"I",373086,10013042538,"1110C000058419","RD06","AddressBase Premium Classification Scheme",1.0,2005-07-07,,2012-04-03,2005-07-07
21,"I",373087,10013044932,1,2,2011-07-12,,292486.00,093133.00,1,1110,2005-11-25,,2013-02-11,2005-11-25,"S","EX4 6PD",0
23,"I",373088,10013044932,"1110X014240850","4887586000",,"7666VC",2005-11-25,,2011-07-12,2005-11-25
23,"I",373089,10013044932,"1110X600058477","osgb4000000025321238",4,"7666MI",2005-11-25,,2011-07-12,2005-11-25
23,"I",373090,10013044932,"1110X700058477","osgb1000002070669573",2,"7666MT",2005-11-25,,2011-07-12,2005-11-25
23,"I",373091,10013044932,"1110X900058477","osgb1000002274463819",7,"7666MA",2005-11-25,,2011-07-12,2005-11-25
24,"I",373092,10013044932,"1110L000154732","ENG",1,2005-11-25,,2005-11-25,2005-11-25,,"",,"","",22,"",,"","",14200448,"1","","","N"
28,"I",373093,10013044932,,28123721,"","","","",22,"","KING WILLIAM STREET","","","EXETER","EX4 6PD","S","","","","","","",2014-04-22,2005-11-25,,2011-07-12,2005-11-25
32,"I",373094,10013044932,"1110C000058477","RD","AddressBase Premium Classification Scheme",1.0,2005-11-25,,2011-07-12,2005-11-25
21,"I",373095,10013050197,1,,,10013050119,291815.00,093090.00,1,1110,2007-01-11,,2013-02-11,2007-01-11,"S","EX4 4JN",0
23,"I",373096,10013050197,"1110X014213520","5510099000",,"7666VC",2007-01-11,,2007-07-19,2007-01-11
23,"I",373097,10013050197,"1110X600058675","osgb4000000025432306",4,"7666MI",2007-01-11,,2007-07-19,2007-01-11
23,"I",373098,10013050197,"1110X900058675","osgb1000002274471198",7,"7666MA",2007-01-11,,2007-07-19,2007-01-11
24,"I",373099,10013050197,"1110L000160030","ENG",1,2007-01-11,,2007-07-18,2007-01-11,79,"",,"","",,"",,"","MARCUS HOUSE",14200580,"1","","",""
28,"I",373100,10013050197,10013050119,28383533,"","","","79 MARCUS HOUSE",,"","NEW NORTH ROAD","","","EXETER","EX4 4JN","S","","","","","","",2014-04-22,2007-01-11,,2007-07-19,2007-01-11
32,"I",373101,10013050197,"1110C000058675","RD","AddressBase Premium Classification Scheme",1.0,2007-01-11,,2007-07-19,2007-01-11
21,"I",373102,10013050264,1,,,10013050199,291860.00,093099.00,1,1110,2007-01-11,,2013-02-11,2007-01-11,"S","EX4 4JH",0
23,"I",373103,10013050264,"1110X014223129","5358966000",,"7666VC",2007-01-11,,2007-07-19,2007-01-11
23,"I",373104,10013050264,"1110X600058742","osgb4000000025439368",2,"7666MI",2007-01-11,,2007-07-19,2007-01-11
23,"I",373105,10013050264,"1110X700058742","osgb1000002070782892",3,"7666MT",2007-01-11,,2007-07-19,2007-01-11
23,"I",373106,10013050264,"1110X900058742","osgb1000002274472311",11,"7666MA",2007-01-11,,2014-05-20,2007-01-11
24,"I",373107,10013050264,"1110L000160097","ENG",1,2007-01-11,,2007-07-18,2007-01-11,66,"",,"","",,"",,"","CONSTANTINE HOUSE",14200580,"1","","",""
28,"I",373108,10013050264,10013050199,28383450,"","","","66 CONSTANTINE HOUSE",,"","NEW NORTH ROAD","","","EXETER","EX4 4JH","S","","","","","","",2014-04-22,2007-01-11,,2007-07-19,2007-01-11
32,"I",373109,10013050264,"1110C000058742","RD","AddressBase Premium Classification Scheme",1.0,2007-01-11,,2007-07-19,2007-01-11
21,"I",373110,10013050317,1,2,2008-06-16,,291681.58,092951.00,1,1110,2007-01-22,,2012-04-03,2007-01-22,"S","EX4 3RA",0
23,"I",373111,10013050317,"1110X014213421","5212679000",,"7666VC",2007-01-22,,2012-04-03,2007-01-22
23,"I",373112,10013050317,"1110X600058795","osgb4000000025306014",10,"7666MI",2007-01-22,,2012-04-03,2007-01-22
23,"I",373113,10013050317,"1110X700058795","osgb1000002070794133",4,"7666MT",2007-01-22,,2012-04-03,2007-01-22
23,"I",373114,10013050317,"1110X900058795","osgb1000002274469640",6,"7666MA",2007-01-22,,2012-04-03,2007-01-22
24,"I",373115,10013050317,"1110L000160150","ENG",1,2007-01-22,,2007-07-18,2007-01-22,,"",,"","",43,"",,"","",14202906,"1","","",""
28,"I",373116,10013050317,,28447857,"","","","43 RICHMOND COURT",,"","ST. DAVIDS HILL","","","EXETER","EX4 3RA","S","","","","","","",2014-04-22,2007-01-22,,2012-04-03,2007-01-22
32,"I",373117,10013050317,"1110C000058795","RD06","AddressBase Premium Classification Scheme",1.0,2007-01-22,,2012-04-03,2007-01-22
21,"I",373118,10023121729,1,2,2012-06-26,10023121726,292508.63,093709.07,1,1110,2012-06-26,,2013-02-11,2012-06-26,"S","EX4 6DG",0
23,"I",373119,10023121729,"1110X600063005","osgb4000000025321282",3,"7666MI",2013-03-23,,2013-03-23,2013-03-23
23,"I",373120,10023121729,"1110X700063005","osgb1000012321632",4,"7666MT",2013-03-23,,2013-03-23,2013-03-23
23,"I",373121,10023121729,"1110X900063005","osgb5000005104129788",2,"7666MA",2013-03-23,,2013-03-23,2013-03-23
24,"I",373122,10023121729,"1110L000168165","ENG",1,2012-06-26,,2012-06-26,2012-06-26,,"",,"","FLAT 3",,"",,"","KILMORIE MEWS",14201311,"1","","",""
28,"I",373123,10023121729,10023121726,52708567,"","","","3 KILMORIE MEWS",,"","PENNSYLVANIA ROAD","","","EXETER","EX4 6DG","S","","","","","","",2014-04-22,2012-06-26,,2012-06-26,2012-06-26
32,"I",373124,10023121729,"1110C000063005","RD06","AddressBase Premium Classification Scheme",1.0,2012-06-26,,2012-06-26,2012-06-26
21,"I",373125,10023120183,1,2,2013-11-19,10023120178,291540.85,092744.09,1,1110,2011-03-16,,2013-11-19,2011-03-16,"S","EX4 4FW",0
23,"I",373126,10023120183,"1110X036821893","8291171000",,"7666VC",2011-03-16,,2012-07-18,2011-03-16
23,"I",373127,10023120183,"1110X600063016","osgb4000000025384176",3,"7666MI",2013-03-23,,2013-03-23,2013-03-23
23,"I",373128,10023120183,"1110X700063016","osgb5000005102632140",1,"7666MT",2013-03-23,,2013-03-23,2013-03-23
23,"I",373129,10023120183,"1110X900063016","osgb5000005104756566",2,"7666MA",2013-03-23,,2013-09-07,2013-03-23
24,"I",373130,10023120183,"1110L000166619","ENG",1,2011-03-16,,2012-07-18,2011-03-16,5,"",,"","",,"",,"","THE REFECTORY",14202979,"1","","",""
28,"I",373131,10023120183,10023120178,51537249,"","","","5 THE REFECTORY",,"","MOUNT DINHAM COURT","","","EXETER","EX4 4FW","S","","","","","","",2014-04-22,2011-03-16,,2012-07-18,2011-03-16
32,"I",373132,10023120183,"1110C000063016","RD","AddressBase Premium Classification Scheme",1.0,2011-03-16,,2013-03-25,2011-03-16
21,"I",373133,10023121492,1,2,2012-02-22,,291254.31,091848.59,1,1110,2012-02-22,,2013-02-11,2012-02-22,"S","EX4 1AP",0
23,"I",373134,10023121492,"1110X041660152","8120280000",,"7666VN",2014-04-04,,2014-05-20,2014-04-04
24,"I",373135,10023121492,"1110L000167930","ENG",1,2012-02-22,,2012-02-22,2012-02-22,,"",,"","",52,"E",,"","",14200217,"1","","",""
32,"I",373136,10023121492,"1110C000062710","C","AddressBase Premium Classification Scheme",1.0,2012-02-22,,2012-02-22,2012-02-22
21,"I",373137,10023119816,1,2,2012-03-23,,293829.40,093687.48,1,1110,2011-02-03,,2013-02-11,2011-02-03,"S","EX4 7BX",0
23,"I",373138,10023119816,"1110X036698541","7720087000",,"7666VC",2011-02-03,,2012-04-03,2011-02-03
23,"I",373139,10023119816,"1110X600062875","osgb4000000025467781",3,"7666MI",2011-02-03,,2012-04-03,2011-02-03
23,"I",373140,10023119816,"1110X700062875","osgb1000002070975846",1,"7666MT",2011-02-03,,2012-04-03,2011-02-03
23,"I",373141,10023119816,"1110X900062875","osgb5000005100044750",3,"7666MA",2011-02-03,,2012-04-03,2011-02-03
24,"I",373142,10023119816,"1110L000166252","ENG",1,2011-02-03,,2012-03-23,2011-02-03,,"",,"","",72,"",,"","",14202966,"1","","",""
28,"I",373143,10023119816,,51913321,"","","","",72,"","CHAUCER GROVE","","","EXETER","EX4 7BX","S","","","","","","",2014-04-22,2011-02-03,,2012-04-03,2011-02-03
32,"I",373144,10023119816,"1110C000062875","RD","AddressBase Premium Classification Scheme",1.0,2011-02-03,,2012-04-03,2011-02-03
21,"I",373145,100040238961,1,2,2011-07-12,100040238893,292312.00,091332.00,1,1110,2001-04-04,,2013-02-11,2001-04-06,"S","EX2 8BG",0
23,"I",373146,100040238961,"1110X014165330","254071182",,"7666VC",2001-04-04,,2011-07-12,2001-04-06
23,"I",373147,100040238961,"1110X600053130","osgb4000000025320461",3,"7666MI",2001-04-04,,2011-07-12,2001-04-06
23,"I",373148,100040238961,"1110X700053130","osgb1000012316769",4,"7666MT",2001-04-04,,2011-07-12,2001-04-06
23,"I",373149,100040238961,"1110X900053130","osgb1000002274377016",10,"7666MA",2001-04-04,,2011-07-12,2001-04-06
24,"I",373150,100040238961,"1110L000114212","ENG",3,2001-04-04,,2007-07-18,2002-04-22,1,"",,"","",44,"",,"","GABRIELS WHARF",14200893,"1","","","N"
24,"I",373151,100040238961,"1110L000114213","ENG",1,2001-04-04,,2007-07-18,2002-04-22,,"",,"","FLAT 1",44,"",,"","GABRIELS WHARF",14200893,"1","","",""
28,"I",373152,100040238961,100040238893,8762932,"","","FLAT 1","GABRIELS WHARF",,"","WATER LANE","","","EXETER","EX2 8BG","S","","","","","","",2014-04-22,2001-04-04,,2011-07-12,2001-04-06
32,"I",373153,100040238961,"1110C000053130","RD","AddressBase Premium Classification Scheme",1.0,2001-04-04,,2011-07-12,2001-04-06
21,"I",373154,100040241175,1,2,2011-07-12,,292673.00,092224.00,1,1110,2001-04-04,,2013-02-11,2001-04-06,"S","EX2 4EQ",0
23,"I",373155,100040241175,"1110X014126452","40497182",,"7666VC",2001-04-04,,2011-07-12,2001-04-06
23,"I",373156,100040241175,"1110X600053140","osgb4000000025321108",5,"7666MI",2001-04-04,,2011-07-12,2001-04-06
23,"I",373157,100040241175,"1110X700053140","osgb1000012319068",3,"7666MT",2001-04-04,,2011-07-12,2001-04-06
23,"I",373158,100040241175,"1110X900053140","osgb1000002274378392",6,"7666MA",2001-04-04,,2011-07-12,2001-04-06
24,"I",373159,100040241175,"1110L000114907","ENG",1,2001-04-04,,2007-07-18,2002-04-22,,"",,"","",30,"",,"","",14200938,"1","","",""
28,"I",373160,100040241175,,8752640,"","","","",30,"","WONFORD ROAD","","","EXETER","EX2 4EQ","S","","","","","","",2014-04-22,2001-04-04,,2011-07-12,2001-04-06
32,"I",373161,100040241175,"1110C000053140","RD","AddressBase Premium Classification Scheme",1.0,2001-04-04,,2011-07-12,2001-04-06
21,"I",373162,100040241191,1,2,2011-07-12,,292716.00,092208.00,1,1110,2001-04-04,,2013-02-11,2001-04-06,"S","EX2 4LD",0
23,"I",373163,100040241191,"1110X014126431","40466182",,"7666VC",2001-04-04,,2011-07-12,2001-04-06
23,"I",373164,100040241191,"1110X600053154","osgb4000000025321107",4,"7666MI",2001-04-04,,2011-07-12,2001-04-06
23,"I",373165,100040241191,"1110X700053154","osgb1000012319080",3,"7666MT",2001-04-04,,2011-07-12,2001-04-06
23,"I",373166,100040241191,"1110X900053154","osgb1000002274378410",6,"7666MA",2001-04-04,,2011-07-12,2001-04-06
24,"I",373167,100040241191,"1110L000114922","ENG",1,2001-04-04,,2007-07-18,2002-04-22,,"",,"","",42,"",,"","",14200938,"1","","",""
28,"I",373168,100040241191,,8753272,"","","","",42,"","WONFORD ROAD","","","EXETER","EX2 4LD","S","","","","","","",2014-04-22,2001-04-04,,2011-07-12,2001-04-06
32,"I",373169,100040241191,"1110C000053154","RD","AddressBase Premium Classification Scheme",1.0,2001-04-04,,2011-07-12,2001-04-06
21,"I",373170,100040241228,1,2,2011-07-12,,294115.00,091981.00,1,1110,2001-04-04,,2013-02-11,2001-04-06,"S","EX2 5DL",0
23,"I",373171,100040241228,"1110X014126525","40550182",,"7666VC",2001-04-04,,2011-07-12,2001-04-06
23,"I",373172,100040241228,"1110X600053186","osgb4000000025336133",4,"7666MI",2001-04-04,,2011-07-12,2001-04-06
23,"I",373173,100040241228,"1110X700053186","osgb1000012361093",4,"7666MT",2001-04-04,,2011-07-12,2001-04-06
23,"I",373174,100040241228,"1110X900053186","osgb1000002274404724",6,"7666MA",2001-04-04,,2011-07-12,2001-04-06
24,"I",373175,100040241228,"1110L000125620","ENG",1,2005-06-26,,2006-02-19,2005-06-26,,"",,"","",23,"",,"","",14200939,"1","","","N"
28,"I",373176,100040241228,,8755665,"","","","",23,"","WONFORD STREET","","","EXETER","EX2 5DL","S","","","","","","",2014-04-22,2001-04-04,,2011-07-12,2001-04-06
32,"I",373177,100040241228,"1110C000053186","RD","AddressBase Premium Classification Scheme",1.0,2001-04-04,,2011-07-12,2001-04-06
21,"I",373178,100041124122,1,2,2011-07-12,100041225343,291814.00,092318.00,1,1110,2001-04-04,,2013-02-11,2001-04-06,"S","EX1 1BJ",0
23,"I",373179,100041124122,"1110X014240564","221310182",,"7666VC",2001-04-04,,2011-07-12,2001-04-06
23,"I",373180,100041124122,"1110X600054743","osgb4000000025335883",3,"7666MI",2001-04-04,,2011-07-12,2001-04-06
23,"I",373181,100041124122,"1110X700054743","osgb1000012291655",5,"7666MT",2001-04-04,,2011-07-12,2001-04-06
23,"I",373182,100041124122,"1110X900054743","osgb1000002274360336",6,"7666MA",2001-04-04,,2011-07-12,2001-04-06
24,"I",373183,100041124122,"1110L000142632","ENG",1,2005-06-26,,2006-02-19,2005-06-26,29,"",,"","",,"",,"","KINGS DWELLINGS",14200447,"1","","","N"
28,"I",373184,100041124122,100041225343,8742182,"","","","",29,"KINGS DWELLINGS","KING STREET","","","EXETER","EX1 1BJ","S","","","","","","",2014-04-22,2001-04-04,,2011-07-12,2001-04-06
32,"I",373185,100041124122,"1110C000054743","RD","AddressBase Premium Classification Scheme",1.0,2001-04-04,,2011-07-12,2001-04-06
21,"I",373186,100041124126,1,3,2011-07-12,100041225343,291814.00,092318.00,1,1110,2001-04-04,,2013-02-11,2001-04-06,"S","EX1 1BJ",0
23,"I",373187,100041124126,"1110X014240560","221315182",,"7666VC",2001-04-04,,2011-07-12,2001-04-06
23,"I",373188,100041124126,"1110X600054747","osgb4000000025335883",3,"7666MI",2001-04-04,,2011-07-12,2001-04-06
23,"I",373189,100041124126,"1110X700054747","osgb1000012291655",5,"7666MT",2001-04-04,,2011-07-12,2001-04-06
23,"I",373190,100041124126,"1110X900054747","osgb1000002274360333",6,"7666MA",2001-04-04,,2011-07-12,2001-04-06
24,"I",373191,100041124126,"1110L000142491","ENG",1,2005-06-26,,2006-02-19,2005-06-26,33,"",,"","",,"",,"","KINGS DWELLINGS",14200447,"1","","","N"
28,"I",373192,100041124126,100041225343,8742186,"","","","",33,"KINGS DWELLINGS","KING STREET","","","EXETER","EX1 1BJ","S","","","","","","",2014-04-22,2001-04-04,,2011-07-12,2001-04-06
32,"I",373193,100041124126,"1110C000054747","RD","AddressBase Premium Classification Scheme",1.0,2001-04-04,,2011-07-12,2001-04-06
21,"I",373194,100041124180,1,2,2011-07-12,100041225345,291881.00,092254.00,1,1110,2001-04-04,,2013-02-11,2001-04-06,"S","EX1 1DG",0
23,"I",373195,100041124180,"1110X014240751","274088182",,"7666VC",2001-04-04,,2011-07-12,2001-04-06
23,"I",373196,100041124180,"1110X600054793","osgb4000000025306043",7,"7666MI",2001-04-04,,2013-09-07,2001-04-06
23,"I",373197,100041124180,"1110X700054793","osgb1000012291708",6,"7666MT",2001-04-04,,2011-07-12,2001-04-06
23,"I",373198,100041124180,"1110X900054793","osgb1000002274360528",11,"7666MA",2001-04-04,,2013-09-07,2001-04-06
24,"I",373199,100041124180,"1110L000142363","ENG",1,2005-06-26,,2006-02-19,2005-06-26,4,"",,"","",,"",,"","PENROSE TERRACE",14200447,"1","","","N"
28,"I",373200,100041124180,100041225345,8742320,"","","","4 PENROSE TERRACE",,"","KING STREET","","","EXETER","EX1 1DG","S","","","","","","",2014-04-22,2001-04-04,,2011-07-12,2001-04-06
